{"stats":{"minecraft:crafted":{"minecraft:wooden_sword":1,"minecraft:birch_planks":24,"minecraft:crafting_table":1,"minecraft:stick":12,"minecraft:wooden_pickaxe":1,"minecraft:wooden_axe":1},"minecraft:picked_up":{"minecraft:birch_log":6,"aoa3:copper_coin":1,"minecraft:crafting_table":1,"minecraft:bone":1,"mysticalworld:aubergine_seeds":2,"minecraft:porkchop":1,"quark:tallow":2,"aoa3:tea_seeds":1,"minecraft:gunpowder":2},"minecraft:mined":{"gravestone:gravestone":2,"minecraft:grass":7,"minecraft:birch_log":6,"minecraft:tall_grass":2,"minecraft:crafting_table":1},"minecraft:used":{"minecraft:wooden_axe":1,"minecraft:wooden_sword":30,"minecraft:crafting_table":1,"alexsmobs:animal_dictionary":1},"minecraft:killed_by":{"duneons:zombievangruard":1,"aoa3:goblin":1,"aoa3:cyclops":1},"minecraft:custom":{"minecraft:time_since_rest":387,"minecraft:play_one_minute":21832,"minecraft:damage_absorbed":309,"minecraft:sprint_one_cm":36341,"minecraft:damage_taken":1203,"minecraft:walk_one_cm":43168,"minecraft:deaths":3,"minecraft:mob_kills":4,"minecraft:drop":1,"minecraft:jump":140,"minecraft:damage_dealt":800,"minecraft:time_since_death":350,"minecraft:walk_on_water_one_cm":2260,"minecraft:fly_one_cm":28756,"minecraft:interact_with_crafting_table":1,"minecraft:fall_one_cm":2285},"minecraft:killed":{"minecraft:pig":1,"aoa3:sasquatch":2,"aoa3:bomb_carrier":1},"minecraft:dropped":{"gravestone:obituary":1}},"DataVersion":2586}