{"stats":{"minecraft:dropped":{"minecraft:spruce_planks":1,"minecraft:dark_oak_planks":4,"theoneprobe:probenote":1},"minecraft:picked_up":{"minecraft:dark_oak_planks":4,"minecraft:water_bucket":1,"minecraft:spruce_fence":2,"minecraft:spruce_planks":2,"minecraft:crimson_planks":8},"minecraft:custom":{"minecraft:time_since_rest":22054,"minecraft:play_one_minute":22054,"minecraft:sprint_one_cm":7915,"minecraft:damage_taken":36,"minecraft:walk_one_cm":14682,"minecraft:walk_under_water_one_cm":6104,"minecraft:boat_one_cm":41660,"minecraft:drop":6,"minecraft:jump":75,"minecraft:damage_dealt":187,"minecraft:time_since_death":22054,"minecraft:walk_on_water_one_cm":10094,"minecraft:swim_one_cm":6406,"minecraft:interact_with_crafting_table":3,"minecraft:fall_one_cm":1672,"minecraft:fly_one_cm":11580},"minecraft:crafted":{"minecraft:stick":4},"minecraft:mined":{"minecraft:dark_oak_planks":2,"minecraft:spruce_fence":2,"minecraft:crimson_planks":6}},"DataVersion":2586}