{"stats":{"minecraft:dropped":{"theoneprobe:probenote":1,"gravestone:obituary":3,"minecraft:spruce_planks":1,"minecraft:dark_oak_planks":4},"minecraft:picked_up":{"explorercraft:basalt_cobblestone":1,"minecraft:water_bucket":1,"minecraft:spruce_boat":1,"minecraft:acacia_log":2,"minecraft:spruce_planks":2,"minecraft:spruce_fence":2,"minecraft:crimson_planks":8,"minecraft:dark_oak_planks":4},"minecraft:killed_by":{"iceandfire:gorgon":4,"aoa3:boneback":2},"minecraft:custom":{"minecraft:time_since_rest":0,"minecraft:play_one_minute":36143,"minecraft:damage_taken":2147483647,"minecraft:sprint_one_cm":23596,"minecraft:damage_absorbed":2147483647,"minecraft:walk_one_cm":41850,"minecraft:deaths":6,"minecraft:walk_under_water_one_cm":6393,"minecraft:drop":9,"minecraft:boat_one_cm":41660,"minecraft:jump":193,"minecraft:damage_dealt":187,"minecraft:leave_game":2,"minecraft:time_since_death":0,"minecraft:walk_on_water_one_cm":12907,"minecraft:climb_one_cm":184,"minecraft:swim_one_cm":6406,"minecraft:interact_with_crafting_table":3,"minecraft:fall_one_cm":2926,"minecraft:fly_one_cm":31866},"minecraft:crafted":{"minecraft:stick":4},"minecraft:mined":{"minecraft:dark_oak_planks":2,"minecraft:grass":1,"minecraft:acacia_log":2,"minecraft:spruce_fence":2,"minecraft:crimson_planks":6,"explorercraft:basalt":1,"gravestone:gravestone":2}},"DataVersion":2586}