{"stats":{"minecraft:crafted":{"minecraft:birch_planks":24,"minecraft:crafting_table":1,"minecraft:stick":12},"minecraft:picked_up":{"minecraft:birch_log":6},"minecraft:mined":{"minecraft:birch_log":6},"minecraft:killed_by":{"aoa3:cyclops":1},"minecraft:custom":{"minecraft:jump":15,"minecraft:time_since_rest":8147,"minecraft:play_one_minute":9832,"minecraft:sprint_one_cm":5162,"minecraft:deaths":1,"minecraft:walk_one_cm":3502,"minecraft:damage_taken":254,"minecraft:time_since_death":2139,"minecraft:damage_absorbed":63,"minecraft:fall_one_cm":209,"minecraft:fly_one_cm":2024}},"DataVersion":2586}