{"stats":{"minecraft:crafted":{"minecraft:wooden_sword":1,"minecraft:crafting_table":1,"minecraft:stick":12,"minecraft:wooden_pickaxe":1,"minecraft:wooden_axe":1,"minecraft:birch_planks":24},"minecraft:mined":{"minecraft:tall_seagrass":1,"minecraft:birch_log":6,"minecraft:crafting_table":1,"gravestone:gravestone":3,"minecraft:grass":18,"minecraft:tall_grass":2},"minecraft:picked_up":{"minecraft:birch_log":6,"minecraft:crafting_table":1,"aoa3:copper_coin":5,"minecraft:leather":2,"minecraft:porkchop":1,"minecraft:gunpowder":2,"aoa3:ivory":1,"minecraft:bone":1,"minecraft:wheat_seeds":1,"mysticalworld:aubergine_seeds":3,"minecraft:beef":2,"quark:tallow":2,"aoa3:tea_seeds":1},"minecraft:used":{"minecraft:wooden_axe":1,"minecraft:wooden_sword":72,"minecraft:crafting_table":1,"alexsmobs:animal_dictionary":1},"minecraft:killed_by":{"aoa3:cyclops":1,"duneons:zombievangruard":1,"aoa3:goblin":1},"minecraft:custom":{"minecraft:time_since_rest":5827,"minecraft:sprint_one_cm":49439,"minecraft:walk_one_cm":64055,"minecraft:damage_taken":1419,"minecraft:damage_absorbed":359,"minecraft:mob_kills":7,"minecraft:drop":1,"minecraft:damage_dealt":1465,"minecraft:interact_with_crafting_table":1,"minecraft:fly_one_cm":52432,"minecraft:play_one_minute":27272,"minecraft:deaths":3,"minecraft:walk_under_water_one_cm":2407,"minecraft:jump":239,"minecraft:walk_on_water_one_cm":6997,"minecraft:time_since_death":5790,"minecraft:fall_one_cm":3957},"minecraft:killed":{"aoa3:chomper":1,"minecraft:pig":1,"aoa3:sasquatch":2,"aoa3:undead_herald":1,"aoa3:bomb_carrier":1,"minecraft:cow":1},"minecraft:dropped":{"gravestone:obituary":1}},"DataVersion":2586}