{"stats":{"minecraft:picked_up":{"minecraft:stick":3,"minecraft:wheat_seeds":1,"mysticalworld:aubergine_seeds":1,"minecraft:oak_log":8,"minecraft:oak_sapling":3,"minecraft:dirt":2},"minecraft:mined":{"minecraft:grass":15,"minecraft:grass_block":2,"minecraft:oak_log":8,"minecraft:tall_grass":2,"minecraft:oak_leaves":1},"minecraft:used":{"minecraft:oak_log":1,"minecraft:dirt":2},"minecraft:killed_by":{"aoa3:sasquatch":1},"minecraft:custom":{"minecraft:deaths":1,"minecraft:time_since_rest":7094,"minecraft:play_one_minute":28507,"minecraft:crouch_one_cm":138,"minecraft:walk_one_cm":34090,"minecraft:sprint_one_cm":28063,"minecraft:damage_taken":508,"minecraft:damage_absorbed":130,"minecraft:sneak_time":336,"minecraft:mob_kills":1,"minecraft:jump":199,"minecraft:damage_dealt":302,"minecraft:walk_on_water_one_cm":1395,"minecraft:time_since_death":0,"minecraft:fall_one_cm":5403,"minecraft:fly_one_cm":43318},"minecraft:killed":{"minecraft:spider":1}},"DataVersion":2586}