{"stats":{"minecraft:crafted":{"minecraft:oak_planks":28},"minecraft:picked_up":{"minecraft:stick":5,"minecraft:porkchop":1,"minecraft:oak_log":8,"minecraft:dirt":2,"minecraft:arrow":1,"minecraft:purple_bed":1,"minecraft:wheat_seeds":2,"mysticalworld:aubergine_seeds":1,"quark:tallow":2,"minecraft:oak_sapling":4,"minecraft:mutton":1},"minecraft:mined":{"minecraft:large_fern":1,"minecraft:purple_bed":1,"gravestone:gravestone":1,"minecraft:grass":20,"minecraft:grass_block":2,"minecraft:oak_log":8,"minecraft:tall_grass":5,"minecraft:spruce_leaves":3,"minecraft:oak_leaves":13},"minecraft:used":{"minecraft:oak_log":1,"minecraft:bread":2,"minecraft:dirt":2,"minecraft:purple_bed":1},"minecraft:killed_by":{"aoa3:nightfly":1,"aoa3:sasquatch":1,"duneons:zombievangruard":1},"minecraft:custom":{"minecraft:time_since_rest":11781,"minecraft:sprint_one_cm":106514,"minecraft:damage_absorbed":308,"minecraft:damage_taken":1282,"minecraft:walk_one_cm":61519,"minecraft:mob_kills":2,"minecraft:damage_dealt":537,"minecraft:swim_one_cm":645,"minecraft:talked_to_villager":1,"minecraft:fly_one_cm":111201,"minecraft:open_chest":2,"minecraft:crouch_one_cm":138,"minecraft:play_one_minute":45947,"minecraft:deaths":3,"minecraft:sneak_time":336,"minecraft:walk_under_water_one_cm":7012,"minecraft:jump":492,"minecraft:leave_game":1,"minecraft:time_since_death":11742,"minecraft:walk_on_water_one_cm":5391,"minecraft:fall_one_cm":11494},"minecraft:killed":{"minecraft:pig":1,"minecraft:spider":1}},"DataVersion":2586}