{"stats":{"minecraft:picked_up":{"minecraft:stick":3,"mysticalworld:aubergine_seeds":1,"minecraft:oak_log":8,"minecraft:oak_sapling":3,"minecraft:dirt":1},"minecraft:mined":{"minecraft:grass":11,"minecraft:grass_block":1,"minecraft:oak_log":8,"minecraft:oak_leaves":1},"minecraft:used":{"minecraft:dirt":1},"minecraft:custom":{"minecraft:time_since_rest":16507,"minecraft:play_one_minute":16507,"minecraft:crouch_one_cm":138,"minecraft:walk_one_cm":10366,"minecraft:sprint_one_cm":18479,"minecraft:damage_taken":268,"minecraft:damage_absorbed":70,"minecraft:sneak_time":336,"minecraft:mob_kills":1,"minecraft:jump":117,"minecraft:damage_dealt":162,"minecraft:walk_on_water_one_cm":224,"minecraft:time_since_death":16507,"minecraft:fall_one_cm":3404,"minecraft:fly_one_cm":25305},"minecraft:killed":{"minecraft:spider":1}},"DataVersion":2586}