{"stats":{"minecraft:dropped":{"minecraft:water_bucket":1,"mysticalworld:aubergine_seeds":5},"minecraft:picked_up":{"iceandfire:copper_nugget":50,"aoa3:copper_coin":2,"minecraft:sand":26,"minecraft:crimson_planks":9,"gravestone:obituary":1,"minecraft:dirt":1,"minecraft:dark_oak_planks":1,"minecraft:orange_bed":1,"minecraft:bone":1,"iceandfire:bestiary":1,"minecraft:wheat_seeds":11,"mysticalworld:aubergine_seeds":5,"minecraft:spruce_planks":5,"minecraft:sugar_cane":3,"iceandfire:podium_acacia":1,"aoa3:raw_chimera_chop":5},"minecraft:killed":{"aoa3:night_reaper":1},"minecraft:custom":{"minecraft:time_since_rest":6915,"minecraft:waystone_activated":1,"minecraft:damage_absorbed":162,"minecraft:sprint_one_cm":60680,"minecraft:damage_taken":1066,"minecraft:walk_one_cm":151917,"minecraft:mob_kills":1,"minecraft:drop":6,"minecraft:damage_dealt":391,"minecraft:swim_one_cm":66149,"minecraft:interact_with_crafting_table":6,"minecraft:fly_one_cm":73136,"minecraft:open_barrel":5,"minecraft:open_chest":9,"minecraft:crouch_one_cm":2006,"minecraft:play_one_minute":47920,"minecraft:sneak_time":1728,"minecraft:walk_under_water_one_cm":26709,"minecraft:boat_one_cm":58442,"minecraft:jump":360,"minecraft:leave_game":2,"minecraft:walk_on_water_one_cm":22655,"minecraft:time_since_death":47920,"minecraft:sleep_in_bed":1,"minecraft:climb_one_cm":197,"minecraft:fall_one_cm":9515,"minecraft:inspect_dispenser":1},"minecraft:crafted":{"minecraft:crafting_table":1,"minecraft:spruce_boat":1},"minecraft:mined":{"minecraft:spruce_planks":6,"minecraft:kelp_plant":2,"iceandfire:copper_pile":6,"iceandfire:podium_acacia":1,"minecraft:grass":30,"minecraft:grass_block":1,"minecraft:vine":3,"minecraft:sand":27,"minecraft:crimson_planks":11,"minecraft:sugar_cane":1,"minecraft:orange_bed":1},"minecraft:used":{"minecraft:spruce_boat":1,"minecraft:water_bucket":4,"minecraft:bread":2,"minecraft:crimson_planks":5,"minecraft:salmon":4,"minecraft:fishing_rod":7,"minecraft:dirt":1,"minecraft:crafting_table":1,"minecraft:bucket":4,"minecraft:cod":12}},"DataVersion":2586}