{"stats":{"minecraft:dropped":{"minecraft:water_bucket":1},"minecraft:picked_up":{"minecraft:dark_oak_planks":1,"minecraft:spruce_planks":5,"minecraft:crimson_planks":9,"minecraft:sugar_cane":3},"minecraft:custom":{"minecraft:time_since_rest":18700,"minecraft:open_chest":2,"minecraft:play_one_minute":18700,"minecraft:crouch_one_cm":1924,"minecraft:walk_one_cm":17283,"minecraft:sprint_one_cm":10748,"minecraft:damage_taken":138,"minecraft:damage_absorbed":25,"minecraft:sneak_time":1634,"minecraft:walk_under_water_one_cm":10672,"minecraft:boat_one_cm":58442,"minecraft:drop":1,"minecraft:jump":64,"minecraft:leave_game":1,"minecraft:time_since_death":18700,"minecraft:walk_on_water_one_cm":9240,"minecraft:open_barrel":2,"minecraft:swim_one_cm":42387,"minecraft:interact_with_crafting_table":6,"minecraft:fall_one_cm":1256,"minecraft:fly_one_cm":10825,"minecraft:inspect_dispenser":1},"minecraft:crafted":{"minecraft:spruce_boat":1,"minecraft:crafting_table":1},"minecraft:mined":{"minecraft:spruce_planks":6,"minecraft:crimson_planks":11,"minecraft:sugar_cane":1},"minecraft:used":{"minecraft:water_bucket":3,"minecraft:crafting_table":1,"minecraft:bucket":3,"minecraft:crimson_planks":5,"minecraft:spruce_boat":1}},"DataVersion":2586}