{"stats":{"minecraft:crafted":{"minecraft:oak_planks":28},"minecraft:picked_up":{"minecraft:stick":5,"minecraft:wheat_seeds":2,"mysticalworld:aubergine_seeds":1,"minecraft:porkchop":1,"quark:tallow":2,"minecraft:oak_log":8,"minecraft:oak_sapling":4,"minecraft:arrow":1,"minecraft:mutton":1,"minecraft:purple_bed":1,"minecraft:dirt":2},"minecraft:mined":{"minecraft:grass":20,"minecraft:grass_block":2,"minecraft:oak_log":8,"minecraft:tall_grass":5,"minecraft:spruce_leaves":1,"minecraft:oak_leaves":13,"minecraft:purple_bed":1,"gravestone:gravestone":1},"minecraft:used":{"minecraft:oak_log":1,"minecraft:dirt":2,"minecraft:purple_bed":1,"minecraft:bread":2},"minecraft:killed_by":{"aoa3:nightfly":1,"aoa3:sasquatch":1,"duneons:zombievangruard":1},"minecraft:custom":{"minecraft:deaths":3,"minecraft:time_since_rest":6341,"minecraft:play_one_minute":40507,"minecraft:crouch_one_cm":138,"minecraft:walk_one_cm":59385,"minecraft:sprint_one_cm":102555,"minecraft:damage_taken":1265,"minecraft:damage_absorbed":308,"minecraft:sneak_time":336,"minecraft:walk_under_water_one_cm":7012,"minecraft:mob_kills":2,"minecraft:jump":481,"minecraft:damage_dealt":537,"minecraft:walk_on_water_one_cm":5391,"minecraft:time_since_death":6302,"minecraft:open_chest":2,"minecraft:swim_one_cm":645,"minecraft:fall_one_cm":10719,"minecraft:fly_one_cm":108882},"minecraft:killed":{"minecraft:spider":1,"minecraft:pig":1}},"DataVersion":2586}