{"stats":{"minecraft:dropped":{"minecraft:water_bucket":1},"minecraft:picked_up":{"minecraft:crimson_planks":9,"gravestone:obituary":1,"minecraft:dirt":1,"minecraft:dark_oak_planks":1,"minecraft:bone":1,"minecraft:spruce_planks":5,"minecraft:sugar_cane":3},"minecraft:killed":{"aoa3:night_reaper":1},"minecraft:custom":{"minecraft:time_since_rest":30700,"minecraft:damage_absorbed":130,"minecraft:sprint_one_cm":36889,"minecraft:damage_taken":735,"minecraft:walk_one_cm":63420,"minecraft:mob_kills":1,"minecraft:drop":1,"minecraft:damage_dealt":390,"minecraft:swim_one_cm":58274,"minecraft:interact_with_crafting_table":6,"minecraft:fly_one_cm":36973,"minecraft:open_barrel":2,"minecraft:open_chest":2,"minecraft:crouch_one_cm":1924,"minecraft:play_one_minute":30700,"minecraft:sneak_time":1634,"minecraft:walk_under_water_one_cm":14799,"minecraft:boat_one_cm":58442,"minecraft:jump":195,"minecraft:leave_game":1,"minecraft:walk_on_water_one_cm":14288,"minecraft:time_since_death":30700,"minecraft:climb_one_cm":197,"minecraft:fall_one_cm":3764,"minecraft:inspect_dispenser":1},"minecraft:crafted":{"minecraft:crafting_table":1,"minecraft:spruce_boat":1},"minecraft:mined":{"minecraft:spruce_planks":6,"minecraft:grass":1,"minecraft:grass_block":1,"minecraft:vine":3,"minecraft:crimson_planks":11,"minecraft:sugar_cane":1},"minecraft:used":{"minecraft:spruce_boat":1,"minecraft:water_bucket":3,"minecraft:crimson_planks":5,"minecraft:dirt":1,"minecraft:crafting_table":1,"minecraft:bucket":3,"minecraft:cod":10}},"DataVersion":2586}